Taille,Temps_moyen
100,0.0003132986020915033
200,0.0010497100970338982
300,0.0019759957015706804
400,0.0030154183690794096
500,0.004496829126974484
